{
  "losses": [
    8.683888830789705,
    8.078314001967268,
    7.515341072547726,
    7.01576523664521,
    6.54619213429893,
    6.104492292171571,
    5.7025321751106075,
    5.328936018594882,
    4.952143238811958,
    4.616017085749928,
    4.290241439168046,
    3.97059653444988,
    3.672672591558317,
    3.3809412863196395,
    3.106789949463635,
    2.8415864909567485,
    2.591543593057772,
    2.3632664098972227,
    2.1608136456187177,
    1.9435955925685604,
    1.7683710761186553,
    1.5952146489445755,
    1.435685701486541,
    1.3088299995515404,
    1.1735496404694348,
    1.050387168802866,
    0.9459487868518364,
    0.8462839649944771,
    0.7621152255593276,
    0.6807070999610715,
    0.6119804745767174
  ],
  "metrics": {
    "both": {
      "optimistic": {
        "adjusted_arithmetic_mean_rank": 1.0054718688128848,
        "adjusted_arithmetic_mean_rank_index": -0.005479129717594899,
        "adjusted_geometric_mean_rank_index": -0.020883449905846785,
        "adjusted_hits_at_k": -0.0017544615764074718,
        "adjusted_inverse_harmonic_mean_rank": -0.0005574709501234938,
        "arithmetic_mean_rank": 758.7361377820451,
        "count": 16664.0,
        "geometric_mean_rank": 516.6179942033887,
        "harmonic_mean_rank": 165.89659842780688,
        "hits_at_1": 0.0008401344215074412,
        "hits_at_10": 0.007321171387421987,
        "hits_at_3": 0.0019803168506961114,
        "hits_at_5": 0.0037806048967834855,
        "inverse_arithmetic_mean_rank": 0.0013179812456583693,
        "inverse_geometric_mean_rank": 0.0019356662199542113,
        "inverse_harmonic_mean_rank": 0.006027851140270181,
        "inverse_median_rank": 0.0014641288433382138,
        "median_absolute_deviation": 587.1104785282183,
        "median_rank": 683.0,
        "standard_deviation": 519.045338615073,
        "variance": 269408.0635380357,
        "z_arithmetic_mean_rank": -1.1600742476417167,
        "z_geometric_mean_rank": -2.7261530121629676,
        "z_hits_at_k": -2.3826952322688424,
        "z_inverse_harmonic_mean_rank": -1.9016016600544425
      },
      "pessimistic": {
        "adjusted_arithmetic_mean_rank": 1.0054718688128848,
        "adjusted_arithmetic_mean_rank_index": -0.005479129717594899,
        "adjusted_geometric_mean_rank_index": -0.020883449905846785,
        "adjusted_hits_at_k": -0.0017544615764074718,
        "adjusted_inverse_harmonic_mean_rank": -0.0005574709501234938,
        "arithmetic_mean_rank": 758.7361377820451,
        "count": 16664.0,
        "geometric_mean_rank": 516.6179942033887,
        "harmonic_mean_rank": 165.89659842780688,
        "hits_at_1": 0.0008401344215074412,
        "hits_at_10": 0.007321171387421987,
        "hits_at_3": 0.0019803168506961114,
        "hits_at_5": 0.0037806048967834855,
        "inverse_arithmetic_mean_rank": 0.0013179812456583693,
        "inverse_geometric_mean_rank": 0.0019356662199542113,
        "inverse_harmonic_mean_rank": 0.006027851140270181,
        "inverse_median_rank": 0.0014641288433382138,
        "median_absolute_deviation": 587.1104785282183,
        "median_rank": 683.0,
        "standard_deviation": 519.045338615073,
        "variance": 269408.0635380357,
        "z_arithmetic_mean_rank": -1.1600742476417167,
        "z_geometric_mean_rank": -2.7261530121629676,
        "z_hits_at_k": -2.3826952322688424,
        "z_inverse_harmonic_mean_rank": -1.9016016600544425
      },
      "realistic": {
        "adjusted_arithmetic_mean_rank": 1.0054718784039511,
        "adjusted_arithmetic_mean_rank_index": -0.005479139321388216,
        "adjusted_geometric_mean_rank_index": -0.020883665368798043,
        "adjusted_hits_at_k": -0.0017544615764074718,
        "adjusted_inverse_harmonic_mean_rank": -0.0005574698984010876,
        "arithmetic_mean_rank": 758.7361450195312,
        "count": 16664.0,
        "geometric_mean_rank": 516.6181030273438,
        "harmonic_mean_rank": 165.89657592773438,
        "hits_at_1": 0.0008401344215074412,
        "hits_at_10": 0.007321171387421987,
        "hits_at_3": 0.0019803168506961114,
        "hits_at_5": 0.0037806048967834855,
        "inverse_arithmetic_mean_rank": 0.0013179812813177705,
        "inverse_geometric_mean_rank": 0.001935665844939649,
        "inverse_harmonic_mean_rank": 0.006027852185070515,
        "inverse_median_rank": 0.0014641288435086608,
        "median_absolute_deviation": 587.1104736328125,
        "median_rank": 683.0,
        "standard_deviation": 519.0452880859375,
        "variance": 269408.03125,
        "z_arithmetic_mean_rank": -1.1600762810145113,
        "z_geometric_mean_rank": -2.726181138979939,
        "z_hits_at_k": -2.3826952322688424,
        "z_inverse_harmonic_mean_rank": -1.9015980725005583
      }
    },
    "head": {
      "optimistic": {
        "adjusted_arithmetic_mean_rank": 1.0068721934361042,
        "adjusted_arithmetic_mean_rank_index": -0.0068792965365709335,
        "adjusted_geometric_mean_rank_index": -0.029614873663817765,
        "adjusted_hits_at_k": -0.0013316026556507619,
        "adjusted_inverse_harmonic_mean_rank": -0.0003815519799169236,
        "arithmetic_mean_rank": 975.1477436389822,
        "count": 8332.0,
        "geometric_mean_rank": 735.0975124456197,
        "harmonic_mean_rank": 261.2564028664756,
        "hits_at_1": 0.00048007681228996637,
        "hits_at_10": 0.003840614498319731,
        "hits_at_3": 0.0015602496399423908,
        "hits_at_5": 0.0022803648583773406,
        "inverse_arithmetic_mean_rank": 0.0010254856318164425,
        "inverse_geometric_mean_rank": 0.00136036373823803,
        "inverse_harmonic_mean_rank": 0.003827657385725722,
        "inverse_median_rank": 0.0010224948875255625,
        "median_absolute_deviation": 696.8230426976329,
        "median_rank": 978.0,
        "standard_deviation": 547.197961319968,
        "variance": 299425.6088727293,
        "z_arithmetic_mean_rank": -1.0870628334762102,
        "z_geometric_mean_rank": -2.724533538593974,
        "z_hits_at_k": -1.6868455713004948,
        "z_inverse_harmonic_mean_rank": -1.202584190328908
      },
      "pessimistic": {
        "adjusted_arithmetic_mean_rank": 1.0068721934361042,
        "adjusted_arithmetic_mean_rank_index": -0.0068792965365709335,
        "adjusted_geometric_mean_rank_index": -0.029614873663817765,
        "adjusted_hits_at_k": -0.0013316026556507619,
        "adjusted_inverse_harmonic_mean_rank": -0.0003815519799169236,
        "arithmetic_mean_rank": 975.1477436389822,
        "count": 8332.0,
        "geometric_mean_rank": 735.0975124456197,
        "harmonic_mean_rank": 261.2564028664756,
        "hits_at_1": 0.00048007681228996637,
        "hits_at_10": 0.003840614498319731,
        "hits_at_3": 0.0015602496399423908,
        "hits_at_5": 0.0022803648583773406,
        "inverse_arithmetic_mean_rank": 0.0010254856318164425,
        "inverse_geometric_mean_rank": 0.00136036373823803,
        "inverse_harmonic_mean_rank": 0.003827657385725722,
        "inverse_median_rank": 0.0010224948875255625,
        "median_absolute_deviation": 696.8230426976329,
        "median_rank": 978.0,
        "standard_deviation": 547.197961319968,
        "variance": 299425.6088727293,
        "z_arithmetic_mean_rank": -1.0870628334762102,
        "z_geometric_mean_rank": -2.724533538593974,
        "z_hits_at_k": -1.6868455713004948,
        "z_inverse_harmonic_mean_rank": -1.202584190328908
      },
      "realistic": {
        "adjusted_arithmetic_mean_rank": 1.006872216641559,
        "adjusted_arithmetic_mean_rank_index": -0.006879319766010861,
        "adjusted_geometric_mean_rank_index": -0.02961498975251531,
        "adjusted_hits_at_k": -0.0013316026556507619,
        "adjusted_inverse_harmonic_mean_rank": -0.00038155158055831013,
        "arithmetic_mean_rank": 975.1477661132812,
        "count": 8332.0,
        "geometric_mean_rank": 735.0975952148438,
        "harmonic_mean_rank": 261.2563781738281,