{
  "losses": [
    9.067875187571456,
    8.717990549599252,
    8.331606481133438,
    7.992057369976509,
    7.709413272578542,
    7.399217593960646,
    7.066069335472293,
    6.835738437931712,
    6.553213503302597,
    6.384746935309433,
    6.089914728955525,
    5.850311232776177,
    5.626468088568711,
    5.4609203222321305,
    5.242717207931891,
    5.06660481197078,
    4.844394788509462,
    4.709412411945622,
    4.568222057528612,
    4.373475528344875,
    4.252058197812336,
    4.068265513675969,
    3.9485208755586205,
    3.8188482726492534,
    3.6934631917534806,
    3.589212690911642,
    3.440930756126962,
    3.352514825216154,
    3.209384900767629,
    3.15661664125396,
    3.036119199380642,
    2.9658756837612246,
    2.85339333952927,
    2.7717932491767696,
    2.67636335186842,
    2.611633655501575,
    2.517673597103212,
    2.4582244419470065,
    2.3811914513750776,
    2.323766562996841,
    2.253479451667972,
    2.201281018373443,
    2.1224572018879218,
    2.069666458339226,
    2.00124266380217,
    1.9427196165410483,
    1.9006084756153385,
    1.8668941317535028,
    1.7957019369776657,
    1.7487363931609363,
    1.689639853268135,
    1.649612612840606,
    1.60460577650768,
    1.5765157967078975,
    1.5534713617185267,
    1.5099804837529252,
    1.4733328208690737,
    1.4236167407617337,
    1.389425094534711,
    1.3696375009490223
  ],
  "metrics": {
    "both": {
      "optimistic": {
        "adjusted_arithmetic_mean_rank": 1.0936038802664545,
        "adjusted_arithmetic_mean_rank_index": -0.09372810608741267,
        "adjusted_geometric_mean_rank_index": -0.27759678366988005,
        "adjusted_hits_at_k": -0.0036468102462834592,
        "adjusted_inverse_harmonic_mean_rank": -0.002498649470628344,
        "arithmetic_mean_rank": 825.1216994719155,
        "count": 16664.0,
        "geometric_mean_rank": 646.0246869467562,
        "harmonic_mean_rank": 243.50298597347043,
        "hits_at_1": 0.0003600576092174748,
        "hits_at_10": 0.005460873739798368,
        "hits_at_3": 0.0013802208353336533,
        "hits_at_5": 0.0028204512722035525,
        "inverse_arithmetic_mean_rank": 0.001211942433025344,
        "inverse_geometric_mean_rank": 0.0015479284618769029,
        "inverse_harmonic_mean_rank": 0.004106725821049889,
        "inverse_median_rank": 0.0011682242990654205,
        "median_absolute_deviation": 458.124085518231,
        "median_rank": 856.0,
        "standard_deviation": 419.25179589662616,
        "variance": 175772.06836254627,
        "z_arithmetic_mean_rank": -19.84336287346335,
        "z_geometric_mean_rank": -36.23817625062824,
        "z_hits_at_k": -4.948902862029747,
        "z_inverse_harmonic_mean_rank": -8.517174037182649
      },
      "pessimistic": {
        "adjusted_arithmetic_mean_rank": 1.093603959802277,
        "adjusted_arithmetic_mean_rank_index": -0.09372818572879082,
        "adjusted_geometric_mean_rank_index": -0.2775969013510333,
        "adjusted_hits_at_k": -0.0036468102462834592,
        "adjusted_inverse_harmonic_mean_rank": -0.0024986496125115392,
        "arithmetic_mean_rank": 825.1217594815171,
        "count": 16664.0,
        "geometric_mean_rank": 646.0247463608453,
        "harmonic_mean_rank": 243.5029943308199,
        "hits_at_1": 0.0003600576092174748,
        "hits_at_10": 0.005460873739798368,
        "hits_at_3": 0.0013802208353336533,
        "hits_at_5": 0.0028204512722035525,
        "inverse_arithmetic_mean_rank": 0.00121194234488298,
        "inverse_geometric_mean_rank": 0.0015479283195158555,
        "inverse_harmonic_mean_rank": 0.004106725680101549,
        "inverse_median_rank": 0.0011682242990654205,
        "median_absolute_deviation": 458.124085518231,
        "median_rank": 856.0,
        "standard_deviation": 419.25177118841594,
        "variance": 175772.04764462388,
        "z_arithmetic_mean_rank": -19.843379734497177,
        "z_geometric_mean_rank": -36.23819161301941,
        "z_hits_at_k": -4.948902862029747,
        "z_inverse_harmonic_mean_rank": -8.517174520821465
      },
      "realistic": {
        "adjusted_arithmetic_mean_rank": 1.093603886402519,
        "adjusted_arithmetic_mean_rank_index": -0.0937281122316207,
        "adjusted_geometric_mean_rank_index": -0.2775966058455386,
        "adjusted_hits_at_k": -0.0036468102462834592,
        "adjusted_inverse_harmonic_mean_rank": -0.002498649727280135,
        "arithmetic_mean_rank": 825.1217041015625,
        "count": 16664.0,
        "geometric_mean_rank": 646.0245971679688,
        "harmonic_mean_rank": 243.5030059814453,
        "hits_at_1": 0.0003600576092174748,
        "hits_at_10": 0.005460873739798368,
        "hits_at_3": 0.0013802208353336533,
        "hits_at_5": 0.0028204512722035525,
        "inverse_arithmetic_mean_rank": 0.0012119424063712358,
        "inverse_geometric_mean_rank": 0.0015479286666959524,
        "inverse_harmonic_mean_rank": 0.004106725566089153,
        "inverse_median_rank": 0.001168224262073636,
        "median_absolute_deviation": 458.12408447265625,
        "median_rank": 856.0,
        "standard_deviation": 419.25177001953125,
        "variance": 175772.046875,
        "z_arithmetic_mean_rank": -19.843364174265787,
        "z_geometric_mean_rank": -36.238153036995385,
        "z_hits_at_k": -4.948902862029747,
        "z_inverse_harmonic_mean_rank": -8.517174912034445
      }
    },
    "head": {
      "optimistic": {
        "adjusted_arithmetic_mean_rank": 1.0950346713962593,
        "adjusted_arithmetic_mean_rank_index": -0.0951328992510243,
        "adjusted_geometric_mean_rank_index": -0.4154563194199141,
        "adjusted_hits_at_k": -0.005192158232154476,
        "adjusted_inverse_harmonic_mean_rank": -0.0031642404307363806,
        "arithmetic_mean_rank": 1060.5324051848295,
        "count": 8332.0,
        "geometric_mean_rank": 1010.1957581810004,
        "harmonic_mean_rank": 946.3626395591732,
        "hits_at_1": 0.0,
        "hits_at_10": 0.0,
        "hits_at_3": 0.0,
        "hits_at_5": 0.0,
        "inverse_arithmetic_mean_rank": 0.0009429226255709933,
        "inverse_geometric_mean_rank": 0.0009899071461165513,
        "inverse_harmonic_mean_rank": 0.0010566773858124955,
        "inverse_median_rank": 0.0009380863039399625,
        "median_absolute_deviation": 300.9682503566372,
        "median_rank": 1066.0,
        "standard_deviation": 301.93998965232845,
        "variance": 91167.7573512482,
        "z_arithmetic_mean_rank": -15.032850883350989,
        "z_geometric_mean_rank": -38.22149256152031,
        "z_hits_at_k": -6.577314247785814,
        "z_inverse_harmonic_mean_rank": -9.973124807874523
      },
      "pessimistic": {
        "adjusted_arithmetic_mean_rank": 1.0950346713962593,
        "adjusted_arithmetic_mean_rank_index": -0.0951328992510243,
        "adjusted_geometric_mean_rank_index": -0.4154563194199141,
        "adjusted_hits_at_k": -0.005192158232154476,
        "adjusted_inverse_harmonic_mean_rank": -0.0031642404307363806,
        "arithmetic_mean_rank": 1060.5324051848295,
        "count": 8332.0,
        "geometric_mean_rank": 1010.1957581810004,
        "harmonic_mean_rank": 946.3626395591732,
        "hits_at_1": 0.0,
        "hits_at_10": 0.0,
        "hits_at_3": 0.0,
        "hits_at_5": 0.0,
        "inverse_arithmetic_mean_rank": 0.0009429226255709933,
        "inverse_geometric_mean_rank": 0.0009899071461165513,
        "inverse_harmonic_mean_rank": 0.0010566773858124955,
        "inverse_median_rank": 0.0009380863039399625,
        "median_absolute_deviation": 300.9682503566372,
        "median_rank": 1066.0,
        "standard_deviation": 301.93998965232845,
        "variance": 91167.7573512482,
        "z_arithmetic_mean_rank": -15.032850883350989,
        "z_geometric_mean_rank": -38.22149256152031,
        "z_hits_at_k": -6.577314247785814,
        "z_inverse_harmonic_mean_rank": -9.973124807874523
      },