{
  "losses": [
    0.8785335701123803,
    0.6226741856178352,
    0.5721376743991818,
    0.5675016799859242,
    0.5664777681890842,
    0.5655009561935357,
    0.5660395537857461,
    0.5637007397887981,
    0.5612679144977468,
    0.5594132801072788,
    0.5581388088454188,
    0.5561603539812882,
    0.5546449385913073,
    0.5529351413777445,
    0.5510011990513421,
    0.5511151341210424,
    0.5475976941859828,
    0.5444170062520862,
    0.5431117267735237,
    0.542911262638801,
    0.5408592756870574,
    0.5396612792943432,
    0.5373315674013797,
    0.5350240727441501,
    0.5339963884480232,
    0.5303552609629336,
    0.5276542527485738,
    0.5243969266921018,
    0.5241668190048859,
    0.5211982468588162,
    0.5170078501764652,
    0.5147942135819291,
    0.5099370975409989,
    0.5058923688082568,
    0.5038294003600567,
    0.5011727809906006,
    0.49831484271361765,
    0.4968970657977383,
    0.49619266918275207,
    0.49515580972739026,
    0.49107702168743167,
    0.49277031289792694,
    0.4902930249155095,
    0.4873906049580701,
    0.4865400432485395,
    0.48669321030642076,
    0.48521999526867826,
    0.4854290688459852,
    0.4852893487014602,
    0.4829176901716047,
    0.48156511308872596,
    0.4825988704651858,
    0.4815153627269036,
    0.48125785325480774,
    0.48043553201498185,
    0.478480091400906,
    0.4792594862195243,
    0.4791815043550677,
    0.47763114508274385,
    0.47787937996661767
  ],
  "metrics": {
    "both": {
      "optimistic": {
        "adjusted_arithmetic_mean_rank": 0.7594382615696798,
        "adjusted_arithmetic_mean_rank_index": 0.24176900048038896,
        "adjusted_geometric_mean_rank_index": 0.6667003578708242,
        "adjusted_hits_at_k": 0.2973265039933674,
        "adjusted_inverse_harmonic_mean_rank": 0.08930325728841768,
        "arithmetic_mean_rank": 152.08680618744313,
        "count": 10990.0,
        "geometric_mean_rank": 48.20070034804392,
        "harmonic_mean_rank": 9.486880035629117,
        "hits_at_1": 0.030391264786169245,
        "hits_at_10": 0.3167424931756142,
        "hits_at_3": 0.0980891719745223,
        "hits_at_5": 0.16223839854413102,
        "inverse_arithmetic_mean_rank": 0.006575192319888192,
        "inverse_geometric_mean_rank": 0.020746586518023115,
        "inverse_harmonic_mean_rank": 0.10540873250682838,
        "inverse_median_rank": 0.005494505494505495,
        "median_absolute_deviation": 247.59457049043553,
        "median_rank": 182.0,
        "standard_deviation": 143.08341744666396,
        "variance": 20472.864348216302,
        "z_arithmetic_mean_rank": 42.50363254459353,
        "z_geometric_mean_rank": 71.62959201733531,
        "z_hits_at_k": 185.39680037226265,
        "z_inverse_harmonic_mean_rank": 142.11277296287358
      },
      "pessimistic": {
        "adjusted_arithmetic_mean_rank": 0.7594505293786763,
        "adjusted_arithmetic_mean_rank_index": 0.24175667110524168,
        "adjusted_geometric_mean_rank_index": 0.6665792239149522,
        "adjusted_hits_at_k": 0.2973265039933674,
        "adjusted_inverse_harmonic_mean_rank": 0.08923327484087962,
        "arithmetic_mean_rank": 152.08926296633302,
        "count": 10990.0,
        "geometric_mean_rank": 48.21785490457619,
        "harmonic_mean_rank": 9.49307116877662,
        "hits_at_1": 0.030391264786169245,
        "hits_at_10": 0.3167424931756142,
        "hits_at_3": 0.09790718835304822,
        "hits_at_5": 0.16205641492265696,
        "inverse_arithmetic_mean_rank": 0.00657508610730373,
        "inverse_geometric_mean_rank": 0.020739205466087488,
        "inverse_harmonic_mean_rank": 0.10533998768376145,
        "inverse_median_rank": 0.005494505494505495,
        "median_absolute_deviation": 247.59457049043553,
        "median_rank": 182.0,
        "standard_deviation": 143.0809647010543,
        "variance": 20472.16245978435,
        "z_arithmetic_mean_rank": 42.5014650076896,
        "z_geometric_mean_rank": 71.61657751128902,
        "z_hits_at_k": 185.39680037226265,
        "z_inverse_harmonic_mean_rank": 142.00140636796604
      },
      "realistic": {
        "adjusted_arithmetic_mean_rank": 0.7594443624036074,
        "adjusted_arithmetic_mean_rank_index": 0.24176286902935107,
        "adjusted_geometric_mean_rank_index": 0.6666367975126596,
        "adjusted_hits_at_k": 0.2973265039933674,
        "adjusted_inverse_harmonic_mean_rank": 0.08926404743541244,
        "arithmetic_mean_rank": 152.08802795410156,
        "count": 10990.0,
        "geometric_mean_rank": 48.20970153808594,
        "harmonic_mean_rank": 9.490347862243652,
        "hits_at_1": 0.030391264786169245,
        "hits_at_10": 0.3167424931756142,
        "hits_at_3": 0.09790718835304822,
        "hits_at_5": 0.16205641492265696,
        "inverse_arithmetic_mean_rank": 0.006575139705091715,
        "inverse_geometric_mean_rank": 0.020742712542414665,
        "inverse_harmonic_mean_rank": 0.10537021607160568,
        "inverse_median_rank": 0.005494505632668734,
        "median_absolute_deviation": 247.59457397460938,
        "median_rank": 182.0,
        "standard_deviation": 143.08218383789062,
        "variance": 20472.51171875,
        "z_arithmetic_mean_rank": 42.502554619212844,
        "z_geometric_mean_rank": 71.6227631586583,
        "z_hits_at_k": 185.39680037226265,
        "z_inverse_harmonic_mean_rank": 142.0503763481561
      }
    },
    "head": {
      "optimistic": {
        "adjusted_arithmetic_mean_rank": 0.12064396527084531,
        "adjusted_arithmetic_mean_rank_index": 0.8830495046326394,
        "adjusted_geometric_mean_rank_index": 0.9553491901149281,
        "adjusted_hits_at_k": 0.6256387959634507,
        "adjusted_inverse_harmonic_mean_rank": 0.19538167344641075,
        "arithmetic_mean_rank": 28.844040036396724,
        "count": 5495.0,
        "geometric_mean_rank": 8.859725675817353,
        "harmonic_mean_rank": 4.8365710151057195,
        "hits_at_1": 0.06078252957233849,
        "hits_at_10": 0.6334849863512284,
        "hits_at_3": 0.1961783439490446,
        "hits_at_5": 0.32447679708826205,
        "inverse_arithmetic_mean_rank": 0.03466920718242501,
        "inverse_geometric_mean_rank": 0.11287031185734146,
        "inverse_harmonic_mean_rank": 0.20675805170166445,
        "inverse_median_rank": 0.125,
        "median_absolute_deviation": 5.930408874022408,
        "median_rank": 8.0,
        "standard_deviation": 64.38627932202475,
        "variance": 4145.592964933792,
        "z_arithmetic_mean_rank": 113.13570412830042,
        "z_geometric_mean_rank": 72.29855756956434,
        "z_hits_at_k": 316.9745567526231,
        "z_inverse_harmonic_mean_rank": 250.72096256969976
      },
      "pessimistic": {
        "adjusted_arithmetic_mean_rank": 0.12066451686810403,
        "adjusted_arithmetic_mean_rank_index": 0.8830288667145926,
        "adjusted_geometric_mean_rank_index": 0.9553133577357305,
        "adjusted_hits_at_k": 0.6256387959634507,
        "adjusted_inverse_harmonic_mean_rank": 0.1952422119753829,
        "arithmetic_mean_rank": 28.848953594176525,
        "count": 5495.0,
        "geometric_mean_rank": 8.866033124025574,
        "harmonic_mean_rank": 4.839789370678624,
        "hits_at_1": 0.06078252957233849,
        "hits_at_10": 0.6334849863512284,
        "hits_at_3": 0.19581437670609644,
        "hits_at_5": 0.3241128298453139,
        "inverse_arithmetic_mean_rank": 0.03466330231824633,
        "inverse_geometric_mean_rank": 0.11279001397932467,
        "inverse_harmonic_mean_rank": 0.2066205620555306,
        "inverse_median_rank": 0.125,
        "median_absolute_deviation": 5.930408874022408,
        "median_rank": 8.0,
        "standard_deviation": 64.38478311606877,
        "variance": 4145.400296903215,
        "z_arithmetic_mean_rank": 113.1330600122257,
        "z_geometric_mean_rank": 72.29584586021546,
        "z_hits_at_k": 316.9745567526231,